Workbook

Sheet L
A1: 1 | B1: Beraca | C1: 0.65 | D1: T | E1: 90000 | F1: 300000
A2: 2 | B2: Vea | C2: 0.75 | D2: V | E2: 25000 | F2: 100000
A3: 3 | B3: ChangoMas | C3: 0.75 | D3: Lu | E3: 20000 | F3: 75000
A4: 4 | B4: Carrefour | C4: 1 | D4: Ju | E4: 12000 | F4: 40000
A5: 5 | B5: MB Carniceria | C5: 0.65
A6: 6 | B6: Fiambrisima | C6: 0.65
A7: 7 | B7: LaTradición | C7: 0.65
A8: 8 | B8: Cordero | C8: 1
A9: 9 | B9: LaPanaderia
A10: 10 | B10: SanCayetano
A11: 11 | B11: Shell YPF | C11: 0.75 | D11: V | E11: 10000 | F11: 50000
A12: 12 | B12: Farmacia | C12: 3c | D12: L
A13: 13 | B13: Farmar | C13: 20 | D13: MiV | E13: stope
A14: 14
A15: 15
A16: 16
A17: 17
A18: 18
A19: 19
A20: 20
A21: 21
A22: 22
A23: 23
A24: 24
A25: 25

Sheet B
A1: 1 | B1: =LOOKUP(A1,L!A:A,L!B:B) -> Beraca | H1: =IF(A1=1,SUMIFS(K3:K587,B3:B587,1),IF(A1=2,SUMIFS(K3:K587,B3:B587,2),IF(A1=3,SUMIFS(K3:K587,B3:B587,3),IF(A1=4,SUMIFS(K3:K587,B3:B587,4),IF(A1=5,SUMIFS(K3:K587,B3:B587,5),IF(A1=6,SUMIFS(K3:K587,B3:B587,6),IF(A1=7,SUMIFS(K3:K587,B3:B587,7),IF(A1=8,SUMIFS(K3:K587,B3:B587,8),IF(A1=9,SUMIFS(K3:K587,B3:B587,9),IF(A1=10,SUMIFS(K3:K587,B3:B587,10),IF(A1=11,SUMIFS(K3:K587,B3:B587,11),IF(A1=12,SUMIFS(K3:K587,B3:B587,12),"")))))))))))) -> 0
A3: SAB | B3: 1 | C3: AceiteGirsol | F3: 1500 | G3: 1000 | I3: 6899.25 | K3: =ROUND(H3*I3,2) -> 0 | L3: =IF(I3=0,"",I3/F3*G3*LOOKUP(B3,L!A:A,L!C:C)) -> 2989.675 | M3: =IF(L3=MIN(L3:L5),1,0) -> 0
A4: SAB | B4: 2 | C4: AceiteGirsol | E4: Cocinero | F4: 1500 | G4: 1000 | I4: 5650 | K4: =ROUND(H4*I4,2) -> 0 | L4: =IF(I4=0,"",I4/F4*G4*LOOKUP(B4,L!A:A,L!C:C)) -> 2825 | M4: =IF(L4=MIN(L3:L5),1,0) -> 1
A5: SAB | B5: 4 | C5: AceiteGirsol | E5: Cocinero | F5: 1000 | G5: 1000 | I5: 3000 | K5: =ROUND(H5*I5,2) -> 0 | L5: =IF(I5=0,"",I5/F5*G5*LOOKUP(B5,L!A:A,L!C:C)) -> 3000 | M5: =IF(L5=MIN(L3:L5),1,0) -> 0
A6: SAB | B6: 1 | C6: AceiteOliva | F6: 500 | G6: 1000 | I6: 10326.35 | K6: =ROUND(H6*I6,2) -> 0 | L6: =IF(I6=0,"",I6/F6*G6*LOOKUP(B6,L!A:A,L!C:C)) -> 13424.255 | M6: =IF(L6=MIN(L6:L8),1,0) -> 0
A7: SAB | B7: 2 | C7: AceiteOliva | F7: 500 | G7: 1000 | I7: 15660 | K7: =ROUND(H7*I7,2) -> 0 | L7: =IF(I7=0,"",I7/F7*G7*LOOKUP(B7,L!A:A,L!C:C)) -> 23490 | M7: =IF(L7=MIN(L6:L8),1,0) -> 0
A8: SAB | B8: 4 | C8: AceiteOliva | F8: 500 | G8: 1000 | I8: 3456 | K8: =ROUND(H8*I8,2) -> 0 | L8: =IF(I8=0,"",I8/F8*G8*LOOKUP(B8,L!A:A,L!C:C)) -> 6912 | M8: =IF(L8=MIN(L6:L8),1,0) -> 1
A9: SAB | B9: 1 | C9: Aceituna | F9: 200 | G9: 1000 | K9: =ROUND(H9*I9,2) -> 0 | L9: =IF(I9=0,"",I9/F9*G9*LOOKUP(B9,L!A:A,L!C:C)) | M9: =IF(L9=MIN(L9:L11),1,0) -> 0
A10: SAB | B10: 5 | C10: Aceituna | F10: 300 | G10: 1000 | I10: 222 | K10: =ROUND(H10*I10,2) -> 0 | L10: =IF(I10=0,"",I10/F10*G10*LOOKUP(B10,L!A:A,L!C:C)) -> 481 | M10: =IF(L10=MIN(L9:L11),1,0) -> 1
A11: SAB | B11: 4 | C11: Aceituna | G11: 1000 | K11: =ROUND(H11*I11,2) -> 0 | L11: =IF(I11=0,"",I11/F11*G11*LOOKUP(B11,L!A:A,L!C:C)) | M11: =IF(L11=MIN(L9:L11),1,0) -> 0
A12: VEC | B12: 1 | C12: Acelga | F12: 1 | G12: 1 | I12: 564 | K12: =ROUND(H12*I12,2) -> 0 | L12: =IF(I12=0,"",I12/F12*G12*LOOKUP(B12,L!A:A,L!C:C)) -> 366.6 | M12: =IF(L12=MIN(L12:L14),1,0) -> 1
A13: VEC | B13: 2 | C13: Acelga | F13: 1 | G13: 1 | K13: =ROUND(H13*I13,2) -> 0 | L13: =IF(I13=0,"",I13/F13*G13*LOOKUP(B13,L!A:A,L!C:C)) | M13: =IF(L13=MIN(L12:L14),1,0) -> 0
A14: VEC | B14: 4 | C14: Acelga | F14: 1 | G14: 1 | K14: =ROUND(H14*I14,2) -> 0 | L14: =IF(I14=0,"",I14/F14*G14*LOOKUP(B14,L!A:A,L!C:C)) | M14: =IF(L14=MIN(L12:L14),1,0) -> 0
A15: LIM | B15: 1 | C15: Desinfectante | E15: Lysoform | F15: 360 | G15: 1000 | I15: 4529.35 | K15: =ROUND(H15*I15,2) -> 0 | L15: =IF(I15=0,"",I15/F15*G15*LOOKUP(B15,L!A:A,L!C:C)) -> 8177.9931 | M15: =IF(L15=MIN(L15:L17),1,0) -> 1
A16: LIM | B16: 2 | C16: Desinfectante | F16: 360 | G16: 1000 | K16: =ROUND(H16*I16,2) -> 0 | L16: =IF(I16=0,"",I16/F16*G16*LOOKUP(B16,L!A:A,L!C:C)) | M16: =IF(L16=MIN(L15:L17),1,0) -> 0
A17: LIM | B17: 4 | C17: Desinfectante | F17: 360 | G17: 1000 | K17: =ROUND(H17*I17,2) -> 0 | L17: =IF(I17=0,"",I17/F17*G17*LOOKUP(B17,L!A:A,L!C:C)) | M17: =IF(L17=MIN(L15:L17),1,0) -> 0
A18: BBD | B18: 1 | C18: AguaMineral | E18: Benedictino | F18: 6250 | G18: 1000 | H18: 0 | I18: 4205.49 | K18: =ROUND(H18*I18,2) -> 0 | L18: =IF(I18=0,"",I18/F18*G18*LOOKUP(B18,L!A:A,L!C:C)) -> 437.37096 | M18: =IF(L18=MIN(L18:L20),1,0) -> 1
A19: BBD | B19: 4 | C19: AguaMineral | E19: Benedictino | F19: 6250 | G19: 1000 | K19: =ROUND(H19*I19,2) -> 0 | L19: =IF(I19=0,"",I19/F19*G19*LOOKUP(B19,L!A:A,L!C:C)) | M19: =IF(L19=MIN(L18:L20),1,0) -> 0
A20: BBD | B20: 3 | C20: AguaMineral | E20: Benedictino | F20: 6250 | G20: 1000 | I20: 5199 | K20: =ROUND(H20*I20,2) -> 0 | L20: =IF(I20=0,"",I20/F20*G20*LOOKUP(B20,L!A:A,L!C:C)) -> 623.88 | M20: =IF(L20=MIN(L18:L20),1,0) -> 0
A21: VEC | B21: 1 | C21: AjoCabeza | F21: 1 | G21: 1 | I21: 1654 | K21: =ROUND(H21*I21,2) -> 0 | L21: =IF(I21=0,"",I21/F21*G21*LOOKUP(B21,L!A:A,L!C:C)) -> 1075.1 | M21: =IF(L21=MIN(L21:L23),1,0) -> 1
A22: VEC | B22: 2 | C22: AjoCabeza | F22: 1 | G22: 1 | K22: =ROUND(H22*I22,2) -> 0 | L22: =IF(I22=0,"",I22/F22*G22*LOOKUP(B22,L!A:A,L!C:C)) | M22: =IF(L22=MIN(L21:L23),1,0) -> 0
A23: VEC | B23: 4 | C23: AjoCabeza | F23: 1 | G23: 1 | I23: 5600 | K23: =ROUND(H23*I23,2) -> 0 | L23: =IF(I23=0,"",I23/F23*G23*LOOKUP(B23,L!A:A,L!C:C)) -> 5600 | M23: =IF(L23=MIN(L21:L23),1,0) -> 0
A24: VER | B24: 1 | C24: Albahaca | F24: 1 | G24: 1 | K24: =ROUND(H24*I24,2) -> 0 | L24: =IF(I24=0,"",I24/F24*G24*LOOKUP(B24,L!A:A,L!C:C)) | M24: =IF(L24=MIN(L24:L26),1,0) -> 0
A25: VER | B25: 2 | C25: Albahaca | G25: 1 | K25: =ROUND(H25*I25,2) -> 0 | L25: =IF(I25=0,"",I25/F25*G25*LOOKUP(B25,L!A:A,L!C:C)) | M25: =IF(L25=MIN(L24:L26),1,0) -> 0
A26: VER | B26: 4 | C26: Albahaca | G26: 1 | K26: =ROUND(H26*I26,2) -> 0 | L26: =IF(I26=0,"",I26/F26*G26*LOOKUP(B26,L!A:A,L!C:C)) | M26: =IF(L26=MIN(L24:L26),1,0) -> 0
A27: HIG | B27: 1 | C27: Alcohol | F27: 1000 | G27: 1000 | K27: =ROUND(H27*I27,2) -> 0 | L27: =IF(I27=0,"",I27/F27*G27*LOOKUP(B27,L!A:A,L!C:C)) | M27: =IF(L27=MIN(L27:L29),1,0) -> 0
A28: HIG | B28: 2 | C28: Alcohol | F28: 1000 | G28: 1000 | I28: 4750 | K28: =ROUND(H28*I28,2) -> 0 | L28: =IF(I28=0,"",I28/F28*G28*LOOKUP(B28,L!A:A,L!C:C)) -> 3562.5 | M28: =IF(L28=MIN(L27:L29),1,0) -> 1
A29: HIG | B29: 3 | C29: Alcohol | F29: 1000 | G29: 1000 | I29: 6349 | K29: =ROUND(H29*I29,2) -> 0 | L29: =IF(I29=0,"",I29/F29*G29*LOOKUP(B29,L!A:A,L!C:C)) -> 4761.75 | M29: =IF(L29=MIN(L27:L29),1,0) -> 0
A30: GLS | B30: 1 | C30: Alfajor | F30: 50 | G30: 1000 | I30: 1828.59 | K30: =ROUND(H30*I30,2) -> 0 | L30: =IF(I30=0,"",I30/F30*G30*LOOKUP(B30,L!A:A,L!C:C)) -> 23771.67 | M30: =IF(L30=MIN(L30:L32),1,0) -> 0
A31: GLS | B31: 3 | C31: Alfajor | F31: 228 | G31: 1000 | I31: 6769 | K31: =ROUND(H31*I31,2) -> 0 | L31: =IF(I31=0,"",I31/F31*G31*LOOKUP(B31,L!A:A,L!C:C)) -> 22266.447 | M31: =IF(L31=MIN(L30:L32),1,0) -> 0
A32: GLS | B32: 4 | C32: Alfajor | F32: 300 | G32: 1000 | H32: 0 | I32: 5200 | K32: =ROUND(H32*I32,2) -> 0 | L32: =IF(I32=0,"",I32/F32*G32*LOOKUP(B32,L!A:A,L!C:C)) -> 17333.333 | M32: =IF(L32=MIN(L30:L32),1,0) -> 1
A33: HIG | B33: 1 | C33: Algodon | F33: 100 | G33: 1000 | K33: =ROUND(H33*I33,2) -> 0 | L33: =IF(I33=0,"",I33/F33*G33*LOOKUP(B33,L!A:A,L!C:C)) | M33: =IF(L33=MIN(L33:L35),1,0) -> 0
A34: HIG | B34: 2 | C34: Algodon | F34: 140 | G34: 1000 | I34: 2400 | K34: =ROUND(H34*I34,2) -> 0 | L34: =IF(I34=0,"",I34/F34*G34*LOOKUP(B34,L!A:A,L!C:C)) -> 12857.143 | M34: =IF(L34=MIN(L33:L35),1,0) -> 1
A35: HIG | B35: 4 | C35: Algodon | F35: 140 | G35: 1000 | K35: =ROUND(H35*I35,2) -> 0 | L35: =IF(I35=0,"",I35/F35*G35*LOOKUP(B35,L!A:A,L!C:C)) | M35: =IF(L35=MIN(L33:L35),1,0) -> 0
A36: MSC | B36: 6 | C36: AlimentoDog | F36: 15000 | G36: 1000 | K36: =ROUND(H36*I36,2) -> 0 | L36: =IF(I36=0,"",I36/F36*G36*LOOKUP(B36,L!A:A,L!C:C)) | M36: =IF(L36=MIN(L36:L38),1,0) -> 0
A37: MSC | B37: 2 | C37: AlimentoDog | F37: 3000 | G37: 1000 | I37: 13000 | K37: =ROUND(H37*I37,2) -> 0 | L37: =IF(I37=0,"",I37/F37*G37*LOOKUP(B37,L!A:A,L!C:C)) -> 3250 | M37: =IF(L37=MIN(L36:L38),1,0) -> 1
A38: MSC | B38: 4 | C38: AlimentoDog | E38: HP | F38: 3000 | G38: 1000 | I38: 13450 | K38: =ROUND(H38*I38,2) -> 0 | L38: =IF(I38=0,"",I38/F38*G38*LOOKUP(B38,L!A:A,L!C:C)) -> 4483.3333 | M38: =IF(L38=MIN(L36:L38),1,0) -> 0
A39: FRU | B39: 1 | C39: Anana | F39: 1000 | G39: 1000 | K39: =ROUND(H39*I39,2) -> 0 | L39: =IF(I39=0,"",I39/F39*G39*LOOKUP(B39,L!A:A,L!C:C)) | M39: =IF(L39=MIN(L39:L41),1,0) -> 0
A40: FRU | B40: 2 | C40: Anana | E40: Arandanos | F40: 1000 | G40: 1000 | K40: =ROUND(H40*I40,2) -> 0 | L40: =IF(I40=0,"",I40/F40*G40*LOOKUP(B40,L!A:A,L!C:C)) | M40: =IF(L40=MIN(L39:L41),1,0) -> 0
A41: FRU | B41: 4 | C41: Anana | F41: 1000 | G41: 1000 | K41: =ROUND(H41*I41,2) -> 0 | L41: =IF(I41=0,"",I41/F41*G41*LOOKUP(B41,L!A:A,L!C:C)) | M41: =IF(L41=MIN(L39:L41),1,0) -> 0
A42: VRS | B42: 1 | C42: Anilina | F42: 20 | G42: 1000 | I42: 2650 | K42: =ROUND(H42*I42,2) -> 0 | L42: =IF(I42=0,"",I42/F42*G42*LOOKUP(B42,L!A:A,L!C:C)) -> 86125 | M42: =IF(L42=MIN(L42:L44),1,0) -> 1
A43: VRS | B43: 2 | C43: Anilina | F43: 20 | G43: 1000 | K43: =ROUND(H43*I43,2) -> 0 | L43: =IF(I43=0,"",I43/F43*G43*LOOKUP(B43,L!A:A,L!C:C)) | M43: =IF(L43=MIN(L42:L44),1,0) -> 0
A44: VRS | B44: 4 | C44: Anilina | F44: 20 | G44: 1000 | K44: =ROUND(H44*I44,2) -> 0 | L44: =IF(I44=0,"",I44/F44*G44*LOOKUP(B44,L!A:A,L!C:C)) | M44: =IF(L44=MIN(L42:L44),1,0) -> 0
A45: VER | B45: 1 | C45: Apio | F45: 1 | G45: 1 | K45: =ROUND(H45*I45,2) -> 0 | L45: =IF(I45=0,"",I45/F45*G45*LOOKUP(B45,L!A:A,L!C:C)) | M45: =IF(L45=MIN(L45:L47),1,0) -> 0
A46: VER | B46: 2 | C46: Apio | G46: 1 | K46: =ROUND(H46*I46,2) -> 0 | L46: =IF(I46=0,"",I46/F46*G46*LOOKUP(B46,L!A:A,L!C:C)) | M46: =IF(L46=MIN(L45:L47),1,0) -> 0
A47: VER | B47: 4 | C47: Apio | G47: 1 | K47: =ROUND(H47*I47,2) -> 0 | L47: =IF(I47=0,"",I47/F47*G47*LOOKUP(B47,L!A:A,L!C:C)) | M47: =IF(L47=MIN(L45:L47),1,0) -> 0
A48: PAQ | B48: 1 | C48: Arroz2Carol | E48: Luchetti | F48: 500 | G48: 1000 | I48: 896.35 | K48: =ROUND(H48*I48,2) -> 0 | L48: =IF(I48=0,"",I48/F48*G48*LOOKUP(B48,L!A:A,L!C:C)) -> 1165.255 | M48: =IF(L48=MIN(L48:L50),1,0) -> 1
A49: PAQ | B49: 2 | C49: Arroz2Carol | E49: MolinosAla | F49: 1000 | G49: 1000 | I49: 1950 | K49: =ROUND(H49*I49,2) -> 0 | L49: =IF(I49=0,"",I49/F49*G49*LOOKUP(B49,L!A:A,L!C:C)) -> 1462.5 | M49: =IF(L49=MIN(L48:L50),1,0) -> 0
A50: PAQ | B50: 6 | C50: ArrozComun | F50: 500 | G50: 1000 | K50: =ROUND(H50*I50,2) -> 0 | L50: =IF(I50=0,"",I50/F50*G50*LOOKUP(B50,L!A:A,L!C:C)) | M50: =IF(L50=MIN(L48:L50),1,0) -> 0
A51: PAQ | B51: 1 | C51: ArrozIntegral | F51: 1000 | G51: 1000 | I51: 2318.09 | K51: =ROUND(H51*I51,2) -> 0 | L51: =IF(I51=0,"",I51/F51*G51*LOOKUP(B51,L!A:A,L!C:C)) -> 1506.7585 | M51: =IF(L51=MIN(L51:L53),1,0) -> 1
A52: PAQ | B52: 6 | C52: ArrozIntegral | E52: Gallo | F52: 500 | G52: 1000 | K52: =ROUND(H52*I52,2) -> 0 | L52: =IF(I52=0,"",I52/F52*G52*LOOKUP(B52,L!A:A,L!C:C)) | M52: =IF(L52=MIN(L51:L53),1,0) -> 0
A53: PAQ | B53: 4 | C53: ArrozIntegral | F53: 500 | G53: 1000 | K53: =ROUND(H53*I53,2) -> 0 | L53: =IF(I53=0,"",I53/F53*G53*LOOKUP(B53,L!A:A,L!C:C)) | M53: =IF(L53=MIN(L51:L53),1,0) -> 0
A54: LAT | B54: 3 | C54: AtunAceite | F54: 240 | G54: 1000 | I54: 4899 | K54: =ROUND(H54*I54,2) -> 0 | L54: =IF(I54=0,"",I54/F54*G54*LOOKUP(B54,L!A:A,L!C:C)) -> 15309.375 | M54: =IF(L54=MIN(L54:L56),1,0) -> 1
A55: LAT | B55: 2 | C55: AtunAceite | F55: 140 | G55: 1000 | I55: 3200 | K55: =ROUND(H55*I55,2) -> 0 | L55: =IF(I55=0,"",I55/F55*G55*LOOKUP(B55,L!A:A,L!C:C)) -> 17142.857 | M55: =IF(L55=MIN(L54:L56),1,0) -> 0
A56: LAT | B56: 4 | C56: AtunAceite | E56: Oliva | F56: 170 | G56: 1000 | I56: 3490 | K56: =ROUND(H56*I56,2) -> 0 | L56: =IF(I56=0,"",I56/F56*G56*LOOKUP(B56,L!A:A,L!C:C)) -> 20529.412 | M56: =IF(L56=MIN(L54:L56),1,0) -> 0
A57: VRS | B57: 1 | C57: AutitoMetal | G57: 1 | K57: =ROUND(H57*I57,2) -> 0 | L57: =IF(I57=0,"",I57/F57*G57*LOOKUP(B57,L!A:A,L!C:C)) | M57: =IF(L57=MIN(L57:L59),1,0) -> 0
A58: VRS | B58: 2 | C58: AutitoMetal | E58: Maisto | F58: 1 | G58: 1 | I58: 4500 | K58: =ROUND(H58*I58,2) -> 0 | L58: =IF(I58=0,"",I58/F58*G58*LOOKUP(B58,L!A:A,L!C:C)) -> 3375 | M58: =IF(L58=MIN(L57:L59),1,0) -> 1
A59: VRS | B59: 3 | C59: AutitoMetal | F59: 1 | G59: 1 | I59: 18199 | K59: =ROUND(H59*I59,2) -> 0 | L59: =IF(I59=0,"",I59/F59*G59*LOOKUP(B59,L!A:A,L!C:C)) -> 13649.25 | M59: =IF(L59=MIN(L57:L59),1,0) -> 0
A60: PAQ | B60: 1 | C60: AvenaInstant | F60: 400 | G60: 1000 | I60: 1812.25 | K60: =ROUND(H60*I60,2) -> 0 | L60: =IF(I60=0,"",I60/F60*G60*LOOKUP(B60,L!A:A,L!C:C)) -> 2944.9062 | M60: =IF(L60=MIN(L60:L62),1,0) -> 1
A61: PAQ | B61: 2 | C61: AvenaInstant | F61: 300 | G61: 1000 | K61: =ROUND(H61*I61,2) -> 0 | L61: =IF(I61=0,"",I61/F61*G61*LOOKUP(B61,L!A:A,L!C:C)) | M61: =IF(L61=MIN(L60:L62),1,0) -> 0
A62: PAQ | B62: 4 | C62: AvenaInstant | G62: 1000 | K62: =ROUND(H62*I62,2) -> 0 | L62: =IF(I62=0,"",I62/F62*G62*LOOKUP(B62,L!A:A,L!C:C)) | M62: =IF(L62=MIN(L60:L62),1,0) -> 0
A63: DYN | B63: 1 | C63: Azucar | F63: 1000 | G63: 1000 | I63: 1800.99 | K63: =ROUND(H63*I63,2) -> 0 | L63: =IF(I63=0,"",I63/F63*G63*LOOKUP(B63,L!A:A,L!C:C)) -> 1170.6435 | M63: =IF(L63=MIN(L63:L65),1,0) -> 1
A64: DYN | B64: 2 | C64: Azucar | E64: C&C | F64: 1000 | G64: 1000 | K64: =ROUND(H64*I64,2) -> 0 | L64: =IF(I64=0,"",I64/F64*G64*LOOKUP(B64,L!A:A,L!C:C)) | M64: =IF(L64=MIN(L63:L65),1,0) -> 0
A65: DYN | B65: 4 | C65: Azucar | F65: 1000 | G65: 1000 | H65: 0 | K65: =ROUND(H65*I65,2) -> 0 | L65: =IF(I65=0,"",I65/F65*G65*LOOKUP(B65,L!A:A,L!C:C)) | M65: =IF(L65=MIN(L63:L65),1,0) -> 0
A66: FRU | B66: 1 | C66: banana | F66: 1000 | G66: 1000 | H66: 0 | I66: 4920 | K66: =ROUND(H66*I66,2) -> 0 | L66: =IF(I66=0,"",I66/F66*G66*LOOKUP(B66,L!A:A,L!C:C)) -> 3198 | M66: =IF(L66=MIN(L66:L68),1,0) -> 0
A67: FRU | B67: 2 | C67: banana | F67: 1000 | G67: 1000 | I67: =2990 -> 2990 | K67: =ROUND(H67*I67,2) -> 0 | L67: =IF(I67=0,"",I67/F67*G67*LOOKUP(B67,L!A:A,L!C:C)) -> 2242.5 | M67: =IF(L67=MIN(L66:L68),1,0) -> 0
A68: FRU | B68: 3 | C68: banana | F68: 1000 | G68: 1000 | H68: 1.775 | I68: 2450 | K68: =ROUND(H68*I68,2) -> 4348.75 | L68: =IF(I68=0,"",I68/F68*G68*LOOKUP(B68,L!A:A,L!C:C)) -> 1837.5 | M68: =IF(L68=MIN(L66:L68),1,0) -> 1
A69: VER | B69: 4 | C69: Batata | F69: 1000 | G69: 1000 | K69: =ROUND(H69*I69,2) -> 0 | L69: =IF(I69=0,"",I69/F69*G69*LOOKUP(B69,L!A:A,L!C:C)) | M69: =IF(L69=MIN(L69:L71),1,0) -> 0
A70: VER | B70: 1 | C70: Batata | F70: 1000 | G70: 1000 | K70: =ROUND(H70*I70,2) -> 0 | L70: =IF(I70=0,"",I70/F70*G70*LOOKUP(B70,L!A:A,L!C:C)) | M70: =IF(L70=MIN(L69:L71),1,0) -> 0
A71: VER | B71: 2 | C71: Batata | F71: 1000 | G71: 1000 | K71: =ROUND(H71*I71,2) -> 0 | L71: =IF(I71=0,"",I71/F71*G71*LOOKUP(B71,L!A:A,L!C:C)) | M71: =IF(L71=MIN(L69:L71),1,0) -> 0
A72: NV | B72: 1 | C72: Bengala | F72: 1 | G72: 1 | K72: =ROUND(H72*I72,2) -> 0 | L72: =IF(I72=0,"",I72/F72*G72*LOOKUP(B72,L!A:A,L!C:C)) | M72: =IF(L72=MIN(L72:L74),1,0) -> 0
A73: NV | B73: 2 | C73: Bengala | G73: 1 | K73: =ROUND(H73*I73,2) -> 0 | L73: =IF(I73=0,"",I73/F73*G73*LOOKUP(B73,L!A:A,L!C:C)) | M73: =IF(L73=MIN(L72:L74),1,0) -> 0
A74: NV | B74: 4 | C74: Bengala | G74: 1 | K74: =ROUND(H74*I74,2) -> 0 | L74: =IF(I74=0,"",I74/F74*G74*LOOKUP(B74,L!A:A,L!C:C)) | M74: =IF(L74=MIN(L72:L74),1,0) -> 0
A75: SAB | B75: 1 | C75: Bicarbonato | F75: 15 | G75: 1000 | I75: 678.15 | K75: =ROUND(H75*I75,2) -> 0 | L75: =IF(I75=0,"",I75/F75*G75*LOOKUP(B75,L!A:A,L!C:C)) -> 29386.5 | M75: =IF(L75=MIN(L75:L77),1,0) -> 1
A76: SAB | B76: 2 | C76: Bicarbonato | G76: 1000 | K76: =ROUND(H76*I76,2) -> 0 | L76: =IF(I76=0,"",I76/F76*G76*LOOKUP(B76,L!A:A,L!C:C)) | M76: =IF(L76=MIN(L75:L77),1,0) -> 0
A77: SAB | B77: 4 | C77: Bicarbonato | G77: 1000 | K77: =ROUND(H77*I77,2) -> 0 | L77: =IF(I77=0,"",I77/F77*G77*LOOKUP(B77,L!A:A,L!C:C)) | M77: =IF(L77=MIN(L75:L77),1,0) -> 0
A78: GLS | B78: 1 | C78: Bizcochuelo | F78: 400 | G78: 1000 | I78: 1749.89 | K78: =ROUND(H78*I78,2) -> 0 | L78: =IF(I78=0,"",I78/F78*G78*LOOKUP(B78,L!A:A,L!C:C)) -> 2843.5712 | M78: =IF(L78=MIN(L78:L80),1,0) -> 1
A79: GLS | B79: 2 | C79: Bizcochuelo | G79: 1000 | K79: =ROUND(H79*I79,2) -> 0 | L79: =IF(I79=0,"",I79/F79*G79*LOOKUP(B79,L!A:A,L!C:C)) | M79: =IF(L79=MIN(L78:L80),1,0) -> 0
A80: GLS | B80: 4 | C80: Bizcochuelo | G80: 1000 | K80: =ROUND(H80*I80,2) -> 0 | L80: =IF(I80=0,"",I80/F80*G80*LOOKUP(B80,L!A:A,L!C:C)) | M80: =IF(L80=MIN(L78:L80),1,0) -> 0
A81: VRS | B81: 1 | C81: Bolsa | F81: 1 | G81: 1 | I81: 67.5 | K81: =ROUND(H81*I81,2) -> 0 | L81: =IF(I81=0,"",I81/F81*G81*LOOKUP(B81,L!A:A,L!C:C)) -> 43.875 | M81: =IF(L81=MIN(L81:L83),1,0) -> 1
A82: VRS | B82: 3 | C82: Bolsa | F82: 1 | G82: 1 | H82: 2 | I82: =80 -> 80 | K82: =ROUND(H82*I82,2) -> 160 | L82: =IF(I82=0,"",I82/F82*G82*LOOKUP(B82,L!A:A,L!C:C)) -> 60 | M82: =IF(L82=MIN(L81:L83),1,0) -> 0
A83: VRS | B83: 4 | C83: Bolsa | F83: 1 | G83: 1 | I83: 97 | K83: =ROUND(H83*I83,2) -> 0 | L83: =IF(I83=0,"",I83/F83*G83*LOOKUP(B83,L!A:A,L!C:C)) -> 97 | M83: =IF(L83=MIN(L81:L83),1,0) -> 0
A84: VRS | B84: 1 | C84: Cabo | E84: Escobillon | F84: 1 | G84: 1000 | I84: 5491 | K84: =ROUND(H84*I84,2) -> 0 | L84: =IF(I84=0,"",I84/F84*G84*LOOKUP(B84,L!A:A,L!C:C)) -> 3569150 | M84: =IF(L84=MIN(L84:L86),1,0) -> 1
A85: VRS | B85: 2 | C85: Cabo | F85: 1 | G85: 1000 | K85: =ROUND(H85*I85,2) -> 0 | L85: =IF(I85=0,"",I85/F85*G85*LOOKUP(B85,L!A:A,L!C:C)) | M85: =IF(L85=MIN(L84:L86),1,0) -> 0
A86: VRS | B86: 4 | C86: Cabo | F86: 1 | G86: 1000 | K86: =ROUND(H86*I86,2) -> 0 | L86: =IF(I86=0,"",I86/F86*G86*LOOKUP(B86,L!A:A,L!C:C)) | M86: =IF(L86=MIN(L84:L86),1,0) -> 0
A87: NV | B87: 1 | C87: Budin | F87: 250 | G87: 1000 | I87: =+2751.85 -> 2751.85 | K87: =ROUND(H87*I87,2) -> 0 | L87: =IF(I87=0,"",I87/F87*G87*LOOKUP(B87,L!A:A,L!C:C)) -> 7154.81 | M87: =IF(L87=MIN(L87:L89),1,0) -> 1
A88: NV | B88: 2 | C88: Budin | F88: 215 | G88: 1000 | K88: =ROUND(H88*I88,2) -> 0 | L88: =IF(I88=0,"",I88/F88*G88*LOOKUP(B88,L!A:A,L!C:C)) | M88: =IF(L88=MIN(L87:L89),1,0) -> 0
A89: NV | B89: 4 | C89: Budin | G89: 1000 | K89: =ROUND(H89*I89,2) -> 0 | L89: =IF(I89=0,"",I89/F89*G89*LOOKUP(B89,L!A:A,L!C:C)) | M89: =IF(L89=MIN(L87:L89),1,0) -> 0
A90: DYN | B90: 1 | C90: CafeInstan | E90: LaVirginia | F90: 170 | G90: 1000 | I90: 8202.49 | K90: =ROUND(H90*I90,2) -> 0 | L90: =IF(I90=0,"",I90/F90*G90*LOOKUP(B90,L!A:A,L!C:C)) -> 31362.462 | M90: =IF(L90=MIN(L90:L92),1,0) -> 1
A91: DYN | B91: 6 | C91: CafeInstan | E91: Dolca | F91: 125 | G91: 1000 | K91: =ROUND(H91*I91,2) -> 0 | L91: =IF(I91=0,"",I91/F91*G91*LOOKUP(B91,L!A:A,L!C:C)) | M91: =IF(L91=MIN(L90:L92),1,0) -> 0
A92: DYN | B92: 4 | C92: CafeInstan | E92: Dolca | F92: 170 | G92: 1000 | K92: =ROUND(H92*I92,2) -> 0 | L92: =IF(I92=0,"",I92/F92*G92*LOOKUP(B92,L!A:A,L!C:C)) | M92: =IF(L92=MIN(L90:L92),1,0) -> 0
A93: VEC | B93: 1 | C93: Calabaza | F93: 6500 | G93: 1000 | I93: 1127 | K93: =ROUND(H93*I93,2) -> 0 | L93: =IF(I93=0,"",I93/F93*G93*LOOKUP(B93,L!A:A,L!C:C)) -> 112.7 | M93: =IF(L93=MIN(L93:L95),1,0) -> 1
A94: VEC | B94: 2 | C94: Calabaza | F94: 1000 | G94: 1000 | K94: =ROUND(H94*I94,2) -> 0 | L94: =IF(I94=0,"",I94/F94*G94*LOOKUP(B94,L!A:A,L!C:C)) | M94: =IF(L94=MIN(L93:L95),1,0) -> 0
A95: VEC | B95: 4 | C95: Calabaza | F95: 1000 | G95: 1000 | K95: =ROUND(H95*I95,2) -> 0 | L95: =IF(I95=0,"",I95/F95*G95*LOOKUP(B95,L!A:A,L!C:C)) | M95: =IF(L95=MIN(L93:L95),1,0) -> 0
A96: SAB | B96: 1 | C96: CaldoVerdura | F96: 12 | G96: 1 | I96: 2436.25 | K96: =ROUND(H96*I96,2) -> 0 | L96: =IF(I96=0,"",I96/F96*G96*LOOKUP(B96,L!A:A,L!C:C)) -> 131.96354 | M96: =IF(L96=MIN(L96:L98),1,0) -> 1
A97: SAB | B97: 2 | C97: CaldoVerdura | E97: Knnor | F97: 12 | G97: 1 | I97: 3200 | K97: =ROUND(H97*I97,2) -> 0 | L97: =IF(I97=0,"",I97/F97*G97*LOOKUP(B97,L!A:A,L!C:C)) -> 200 | M97: =IF(L97=MIN(L96:L98),1,0) -> 0
A98: SAB | B98: 3 | C98: CaldoVerdura | F98: 12 | G98: 1 | I98: 3049 | K98: =ROUND(H98*I98,2) -> 0 | L98: =IF(I98=0,"",I98/F98*G98*LOOKUP(B98,L!A:A,L!C:C)) -> 190.5625 | M98: =IF(L98=MIN(L96:L98),1,0) -> 0
A99: GLS | B99: 1 | C99: Caramelos | F99: 100 | G99: 1000 | I99: 1000 | K99: =ROUND(H99*I99,2) -> 0 | L99: =IF(I99=0,"",I99/F99*G99*LOOKUP(B99,L!A:A,L!C:C)) -> 6500 | M99: =IF(L99=MIN(L99:L101),1,0) -> 1
A100: GLS | B100: 2 | C100: Caramelos | G100: 1000 | K100: =ROUND(H100*I100,2) -> 0 | L100: =IF(I100=0,"",I100/F100*G100*LOOKUP(B100,L!A:A,L!C:C)) | M100: =IF(L100=MIN(L99:L101),1,0) -> 0
A101: GLS | B101: 4 | C101: Caramelos | E101: sugus | F101: 100 | G101: 1000 | K101: =ROUND(H101*I101,2) -> 0 | L101: =IF(I101=0,"",I101/F101*G101*LOOKUP(B101,L!A:A,L!C:C)) | M101: =IF(L101=MIN(L99:L101),1,0) -> 0
...

Sheet F
A1: 31 | C1: 6 | D1: 100 | G1: =D1*A2/100+D2*D1/100 -> 25
A2: 5 | C2: =ROUND(D1/C1,2) -> 16.67 | D2: 20 | E2: Cuo | F2: Des | G2: A Pagar | H2: Cuo | I2: Des | J2: A Pagar
A3: 1 | B3: =IF(A3>$C$1,0,(D1+D3-C3)) -> 110.88 | C3: =IF(A3>$C$1,0,$C$2)-G1 -> -8.33 | D3: =ROUND(D1*A1*30/36500,2) -> 2.55 | E3: 1 | F3: 0 | H3: 1 | I3: 25 | O3: 60.75
A4: 2 | B4: =IF(A4>$C$1,0,(B3+D4-C4)) -> 97.04 | C4: =IF(A4>$C$1,0,$C$2) -> 16.67 | D4: =IF(A4>$C$1,0,ROUND(B3*$A$1*30/36500,2)) -> 2.83 | E4: 3 | F4: 0 | H4: 3 | I4: 25 | O4: 72.6
A5: 3 | B5: =IF(A5>$C$1,0,(B4+D5-C5)) -> 82.84 | C5: =IF(A5>$C$1,0,$C$2) -> 16.67 | D5: =IF(A5>$C$1,0,ROUND(B4*$A$1*30/36500,2)) -> 2.47 | E5: 6 | F5: 0 | H5: 6 | I5: 25 | O5: 67.2
A6: 4 | B6: =IF(A6>$C$1,0,(B5+D6-C6)) -> 68.28 | C6: =IF(A6>$C$1,0,$C$2) -> 16.67 | D6: =IF(A6>$C$1,0,ROUND(B5*$A$1*30/36500,2)) -> 2.11 | E6: 9 | F6: 0 | H6: 9 | I6: 25 | O6: 87.12
A7: 5 | B7: =IF(A7>$C$1,0,(B6+D7-C7)) -> 53.35 | C7: =IF(A7>$C$1,0,$C$2) -> 16.67 | D7: =IF(A7>$C$1,0,ROUND(B6*$A$1*30/36500,2)) -> 1.74 | E7: 12 | F7: 0 | H7: 12 | I7: 25 | O7: 133.81
A8: 6 | B8: =IF(A8>$C$1,0,(B7+D8-C8)) -> 38.04 | C8: =IF(A8>$C$1,0,$C$2) -> 16.67 | D8: =IF(A8>$C$1,0,ROUND(B7*$A$1*30/36500,2)) -> 1.36 | E8: 18 | F8: 0 | H8: 18 | I8: 25
A9: 7 | B9: =IF(A9>$C$1,0,(B8+D9-C9)) -> 0 | C9: =IF(A9>$C$1,0,$C$2) -> 0 | D9: =IF(A9>$C$1,0,ROUND(B8*$A$1*30/36500,2)) -> 0 | E9: 1 | F9: 10 | H9: 1 | I9: 30 | J9: 62.45
A10: 8 | B10: =IF(A10>$C$1,0,(B9+D10-C10)) -> 0 | C10: =IF(A10>$C$1,0,$C$2) -> 0 | D10: =IF(A10>$C$1,0,ROUND(B9*$A$1*30/36500,2)) -> 0 | E10: 3 | F10: 10 | H10: 3 | I10: 30
A11: 9 | B11: =IF(A11>$C$1,0,(B10+D11-C11)) -> 0 | C11: =IF(A11>$C$1,0,$C$2) -> 0 | D11: =IF(A11>$C$1,0,ROUND(B10*$A$1*30/36500,2)) -> 0 | E11: 6 | F11: 10 | H11: 6 | I11: 30
A12: 10 | B12: =IF(A12>$C$1,0,(B11+D12-C12)) -> 0 | C12: =IF(A12>$C$1,0,$C$2) -> 0 | D12: =IF(A12>$C$1,0,ROUND(B11*$A$1*30/36500,2)) -> 0 | E12: 9 | F12: 10 | H12: 9 | I12: 30
A13: 11 | B13: =IF(A13>$C$1,0,(B12+D13-C13)) -> 0 | C13: =IF(A13>$C$1,0,$C$2) -> 0 | D13: =IF(A13>$C$1,0,ROUND(B12*$A$1*30/36500,2)) -> 0 | E13: 12 | F13: 10 | H13: 12 | I13: 30
A14: 12 | B14: =IF(A14>$C$1,0,(B13+D14-C14)) -> 0 | C14: =IF(A14>$C$1,0,$C$2) -> 0 | D14: =IF(A14>$C$1,0,ROUND(B13*$A$1*30/36500,2)) -> 0 | E14: 18 | F14: 10 | H14: 18 | I14: 30
A15: 13 | B15: =IF(A15>$C$1,0,(B14+D15-C15)) -> 0 | C15: =IF(A15>$C$1,0,$C$2) -> 0 | D15: =IF(A15>$C$1,0,ROUND(B14*$A$1*30/36500,2)) -> 0 | E15: 1 | F15: 20 | H15: 1 | I15: 50
A16: 14 | B16: =IF(A16>$C$1,0,(B15+D16-C16)) -> 0 | C16: =IF(A16>$C$1,0,$C$2) -> 0 | D16: =IF(A16>$C$1,0,ROUND(B15*$A$1*30/36500,2)) -> 0 | E16: 3 | F16: 20 | H16: 3 | I16: 50
A17: 15 | B17: =IF(A17>$C$1,0,(B16+D17-C17)) -> 0 | C17: =IF(A17>$C$1,0,$C$2) -> 0 | D17: =IF(A17>$C$1,0,ROUND(B16*$A$1*30/36500,2)) -> 0 | E17: 6 | F17: 20 | G17: 61.96 | H17: 6 | I17: 50
A18: 16 | B18: =IF(A18>$C$1,0,(B17+D18-C18)) -> 0 | C18: =IF(A18>$C$1,0,$C$2) -> 0 | D18: =IF(A18>$C$1,0,ROUND(B17*$A$1*30/36500,2)) -> 0 | E18: 9 | F18: 20 | H18: 9 | I18: 50
A19: 17 | B19: =IF(A19>$C$1,0,(B18+D19-C19)) -> 0 | C19: =IF(A19>$C$1,0,$C$2) -> 0 | D19: =IF(A19>$C$1,0,ROUND(B18*$A$1*30/36500,2)) -> 0 | E19: 12 | F19: 20 | H19: 12 | I19: 50
A20: 18 | B20: =IF(A20>$C$1,0,(B19+D20-C20)) -> 0 | C20: =IF(A20>$C$1,0,$C$2) -> 0 | D20: =IF(A20>$C$1,0,ROUND(B19*$A$1*30/36500,2)) -> 0 | E20: 18 | F20: 20 | H20: 18 | I20: 50
A21: 19
A22: 20
A23: 21
A24: 22
A25: 23
A26: 24

Sheet Hoja 3
A1: Levadura | B1: galletas vainilla
A2: queso | B2: manteca 100
A3: crema leche | B3: queso crema 580
A4: salame | B4: es vainilla
A5: jamon | B5: limon
B6: crema doble
B7: azúcar
A8: cebolla | B8: fecula
A9: tomate | B9: huevos
B10: mermelada arandanos
